Workbook

Sheet Curve
A1: Tenor | B1: End Date | C1: Year Frac. | D1: Discount Factor
A2: 0D | B2: 45747 | C2: =YEARFRAC($B$2,B2) -> 0 | D2: 1
A3: 1D | B3: 45748 | C3: =YEARFRAC($B$2,B3) -> 0.0027777778 | D3: 0.99987752
A4: 1W | B4: 45756 | C4: =YEARFRAC($B$2,B4) -> 0.025 | D4: 0.99891732
A5: 2W | B5: 45763 | C5: =YEARFRAC($B$2,B5) -> 0.044444444 | D5: 0.99808125
A6: 1M | B6: 45779 | C6: =YEARFRAC($B$2,B6) -> 0.088888889 | D6: 0.9961703
A7: 2M | B7: 45810 | C7: =YEARFRAC($B$2,B7) -> 0.17222222 | D7: 0.99251318
A8: 3M | B8: 45840 | C8: =YEARFRAC($B$2,B8) -> 0.25555556 | D8: 0.98903748
A9: 4M | B9: 45873 | C9: =YEARFRAC($B$2,B9) -> 0.34444444 | D9: 0.98533045
A10: 5M | B10: 45902 | C10: =YEARFRAC($B$2,B10) -> 0.42222222 | D10: 0.98215616
A11: 6M | B11: 45932 | C11: =YEARFRAC($B$2,B11) -> 0.50555556 | D11: 0.9789456
A12: 7M | B12: 45964 | C12: =YEARFRAC($B$2,B12) -> 0.59166667 | D12: 0.97562129
A13: 8M | B13: 45993 | C13: =YEARFRAC($B$2,B13) -> 0.67222222 | D13: 0.97267103
... A34: 50Y | B34: 64011 | C34: =YEARFRAC($B$2,B34) -> 50.005556 | D34: 0.21055921

Sheet Template
A1: Tenor | B1: Strike | C1: Notional | D1: Price | E1: Dates
A2: =MAX('CAP1'!J3:J5) -> 2 | B2: ='CAP1'!D3 -> 3.7080963 | C2: ='CAP1'!I3 -> 1000000 | D2: =SUM('CAP1'!H3:H5) -> 5345.3932 | E2: =G2-F2 -> 0.5 | F2: {=TRANSPOSE('CAP1'!J3:J5)} -> 1 | G2: 1.5 | H2: 2
A3: =MAX('CAP2'!J3:J7) -> 3 | B3: ='CAP2'!D3 -> 3.640546 | C3: ='CAP2'!I3 -> 1000000 | D3: =SUM('CAP2'!H3:H7) -> 12045.977 | E3: =G3-F3 -> 0.5 | F3: {=TRANSPOSE('CAP2'!J3:J7)} -> 1 | G3: 1.5 | H3: 2 | I3: 2.5 | J3: 3
A4: =MAX('CAP3'!J3:J11) -> 4.9972222 | B4: ='CAP3'!D3 -> 3.6414805 | C4: ='CAP3'!I3 -> 1000000 | D4: =SUM('CAP3'!H3:H11) -> 27248.071 | E4: =G4-F4 -> 0.5 | F4: {=TRANSPOSE('CAP3'!J3:J11)} -> 1 | G4: 1.5 | H4: 2 | I4: 2.5 | J4: 3 | K4: 3.4972222 | L4: 4 | M4: 4.4944444 | N4: 4.9972222
A5: =MAX('CAP4'!J3:J21) -> 10 | B5: ='CAP4'!D3 -> 3.7588217 | C5: ='CAP5'!I3 -> 1000000 | D5: =SUM('CAP4'!H3:H21) -> 69379.144 | E5: =G5-F5 -> 0.5 | F5: {=TRANSPOSE('CAP4'!J3:J21)} -> 1 | G5: 1.5 | H5: 2 | I5: 2.5 | J5: 3 | K5: 3.4972222 | L5: 4 | M5: 4.4944444 | N5: 4.9972222 | O5: 5.5 | P5: 6 | Q5: 6.5 | R5: 7 | S5: 7.5 | T5: 8 | U5: 8.5 | V5: 9 | W5: 9.4972222 | X5: 10
A6: =MAX('CAP5'!J3:J41) -> 20 | B6: ='CAP5'!D3 -> 3.8923014 | C6: ='CAP5'!I3 -> 1000000 | D6: =SUM('CAP5'!H3:H41) -> 148357.51 | E6: =G6-F6 -> 0.5 | F6: {=TRANSPOSE('CAP5'!J3:J41)} -> 1 | G6: 1.5 | H6: 2 | I6: 2.5 | J6: 3 | K6: 3.4972222 | L6: 4 | M6: 4.4944444 | N6: 4.9972222 | O6: 5.5 | P6: 6 | Q6: 6.5 | R6: 7 | S6: 7.5 | T6: 8 | U6: 8.5 | V6: 9 | W6: 9.4972222 | X6: 10 | Y6: 10.494444 | Z6: 11 | AA6: 11.5 | AB6: 12 | AC6: 12.5 | AD6: 13 | AE6: 13.5 | AF6: 14 | AG6: 14.5 | AH6: 15 | AI6: 15.494444 | AJ6: 15.997222 | AK6: 16.5 | AL6: 17 | AM6: 17.5 | AN6: 18 | AO6: 18.5 | AP6: 19 | AQ6: 19.5 | AR6: 20

Sheet CAP0
B2: Start Date | C2: Pay Date | D2: Strike % | E2: ATM Strike % | F2: Vol bp | G2: Forward % | H2: Premium USD | I2: Notional USD | J2: Dates
J3: =YEARFRAC(Curve!$B$2,C3) -> 125.25278

Sheet CAP1
B2: Start Date | C2: Pay Date | D2: Strike % | E2: ATM Strike % | F2: Vol bp | G2: Forward % | H2: Premium USD | I2: Notional USD | J2: Dates
B3: 45930 | C3: 46112 | D3: 3.7080963 | E3: 3.7080963 | F3: 74.953117 | G3: 3.7090979 | H3: 1455.3901 | I3: 1000000 | J3: =YEARFRAC(Curve!$B$2,C3) -> 1
B4: 46112 | C4: 46295 | D4: 3.7080963 | E4: 3.7080963 | F4: 86.774121 | G4: 3.4800104 | H4: 1535.5645 | I4: 1000000 | J4: =YEARFRAC(Curve!$B$2,C4) -> 1.5
B5: 46295 | C5: 46477 | D5: 3.7080963 | E5: 3.7080963 | F5: 111.35644 | G5: 3.4362698 | H5: 2354.4387 | I5: 1000000 | J5: =YEARFRAC(Curve!$B$2,C5) -> 2

Sheet CAP2
B2: Start Date | C2: Pay Date | D2: Strike % | E2: ATM Strike % | F2: Vol bp | G2: Forward % | H2: Premium USD | I2: Notional USD | J2: Dates
B3: 45930 | C3: 46112 | D3: 3.640546 | E3: 3.640546 | F3: 76.209372 | G3: 3.7090979 | H3: 1649.8293 | I3: 1000000 | J3: =YEARFRAC(Curve!$B$2,C3) -> 1
B4: 46112 | C4: 46295 | D4: 3.640546 | E4: 3.640546 | F4: 87.547981 | G4: 3.4800104 | H4: 1692.1611 | I4: 1000000 | J4: =YEARFRAC(Curve!$B$2,C4) -> 1.5
B5: 46295 | C5: 46477 | D5: 3.640546 | E5: 3.640546 | F5: 111.12713 | G5: 3.4362698 | H5: 2487.8836 | I5: 1000000 | J5: =YEARFRAC(Curve!$B$2,C5) -> 2
B6: 46477 | C6: 46660 | D6: 3.640546 | E6: 3.640546 | F6: 118.38538 | G6: 3.4736556 | H6: 3090.4515 | I6: 1000000 | J6: =YEARFRAC(Curve!$B$2,C6) -> 2.5
B7: 46660 | C7: 46843 | D7: 3.640546 | E7: 3.640546 | F7: 107.50934 | G7: 3.5241854 | H7: 3125.6516 | I7: 1000000 | J7: =YEARFRAC(Curve!$B$2,C7) -> 3

Sheet CAP3
B2: Start Date | C2: Pay Date | D2: Strike % | E2: ATM Strike % | F2: Vol bp | G2: Forward % | H2: Premium USD | I2: Notional USD | J2: Dates
B3: 45930 | C3: 46112 | D3: 3.6414805 | E3: 3.6414805 | F3: 76.191974 | G3: 3.7090979 | H3: 1647.0614 | I3: 1000000 | J3: =YEARFRAC(Curve!$B$2,C3) -> 1
B4: 46112 | C4: 46295 | D4: 3.6414805 | E4: 3.6414805 | F4: 87.537298 | G4: 3.4800104 | H4: 1689.9377 | I4: 1000000 | J4: =YEARFRAC(Curve!$B$2,C4) -> 1.5
B5: 46295 | C5: 46477 | D5: 3.6414805 | E5: 3.6414805 | F5: 111.13042 | G5: 3.4362698 | H5: 2486.0043 | I5: 1000000 | J5: =YEARFRAC(Curve!$B$2,C5) -> 2
B6: 46477 | C6: 46660 | D6: 3.6414805 | E6: 3.6414805 | F6: 118.39602 | G6: 3.4736556 | H6: 3088.7493 | I6: 1000000 | J6: =YEARFRAC(Curve!$B$2,C6) -> 2.5
B7: 46660 | C7: 46843 | D7: 3.6414805 | E7: 3.6414805 | F7: 107.52006 | G7: 3.5241854 | H7: 3123.9662 | I7: 1000000 | J7: =YEARFRAC(Curve!$B$2,C7) -> 3
B8: 46843 | C8: 47025 | D8: 3.6414805 | E8: 3.6414805 | F8: 104.45071 | G8: 3.5755481 | H8: 3323.7131 | I8: 1000000 | J8: =YEARFRAC(Curve!$B$2,C8) -> 3.4972222
B9: 47025 | C9: 47207 | D9: 3.6414805 | E9: 3.6414805 | F9: 109.77968 | G9: 3.6220491 | H9: 3784.1437 | I9: 1000000 | J9: =YEARFRAC(Curve!$B$2,C9) -> 4
B10: 47207 | C10: 47389 | D10: 3.6414805 | E10: 3.6414805 | F10: 109.85906 | G10: 3.6644183 | H10: 4036.5713 | I10: 1000000 | J10: =YEARFRAC(Curve!$B$2,C10) -> 4.4944444
B11: 47389 | C11: 47571 | D11: 3.6414805 | E11: 3.6414805 | F11: 104.20613 | G11: 3.7142657 | H11: 4067.9235 | I11: 1000000 | J11: =YEARFRAC(Curve!$B$2,C11) -> 4.9972222

Sheet CAP4
B2: Start Date | C2: Pay Date | D2: Strike % | E2: ATM Strike % | F2: Vol bp | G2: Forward % | H2: Premium USD | I2: Notional USD | J2: Dates
B3: 45930 | C3: 46112 | D3: 3.7588217 | E3: 3.7588217 | F3: 74.003272 | G3: 3.7090979 | H3: 1316.9743 | I3: 1000000 | J3: =YEARFRAC(Curve!$B$2,C3) -> 1
B4: 46112 | C4: 46295 | D4: 3.7588217 | E4: 3.7588217 | F4: 86.168424 | G4: 3.4800104 | H4: 1423.0105 | I4: 1000000 | J4: =YEARFRAC(Curve!$B$2,C4) -> 1.5
B5: 46295 | C5: 46477 | D5: 3.7588217 | E5: 3.7588217 | F5: 111.46641 | G5: 3.4362698 | H5: 2256.0769 | I5: 1000000 | J5: =YEARFRAC(Curve!$B$2,C5) -> 2
B6: 46477 | C6: 46660 | D6: 3.7588217 | E6: 3.7588217 | F6: 119.67055 | G6: 3.4736556 | H6: 2879.7469 | I6: 1000000 | J6: =YEARFRAC(Curve!$B$2,C6) -> 2.5
B7: 46660 | C7: 46843 | D7: 3.7588217 | E7: 3.7588217 | F7: 108.8886 | G7: 3.5241854 | H7: 2919.5575 | I7: 1000000 | J7: =YEARFRAC(Curve!$B$2,C7) -> 3
B8: 46843 | C8: 47025 | D8: 3.7588217 | E8: 3.7588217 | F8: 105.74148 | G8: 3.5755481 | H8: 3118.5778 | I8: 1000000 | J8: =YEARFRAC(Curve!$B$2,C8) -> 3.4972222
B9: 47025 | C9: 47207 | D9: 3.7588217 | E9: 3.7588217 | F9: 110.80866 | G9: 3.6220491 | H9: 3570.8263 | I9: 1000000 | J9: =YEARFRAC(Curve!$B$2,C9) -> 4
B10: 47207 | C10: 47389 | D10: 3.7588217 | E10: 3.7588217 | F10: 110.73916 | G10: 3.6644183 | H10: 3819.8399 | I10: 1000000 | J10: =YEARFRAC(Curve!$B$2,C10) -> 4.4944444
B11: 47389 | C11: 47571 | D11: 3.7588217 | E11: 3.7588217 | F11: 105.06065 | G11: 3.7142657 | H11: 3851.7203 | I11: 1000000 | J11: =YEARFRAC(Curve!$B$2,C11) -> 4.9972222
B12: 47571 | C12: 47756 | D12: 3.7588217 | E12: 3.7588217 | F12: 102.07417 | G12: 3.771577 | H12: 4037.8743 | I12: 1000000 | J12: =YEARFRAC(Curve!$B$2,C12) -> 5.5
B13: 47756 | C13: 47938 | D13: 3.7588217 | E13: 3.7588217 | F13: 102.09307 | G13: 3.8136905 | H13: 4155.9094 | I13: 1000000 | J13: =YEARFRAC(Curve!$B$2,C13) -> 6
B14: 47938 | C14: 48121 | D14: 3.7588217 | E14: 3.7588217 | F14: 102.11166 | G14: 3.8396549 | H14: 4315.721 | I14: 1000000 | J14: =YEARFRAC(Curve!$B$2,C14) -> 6.5
... B21: 49216 | C21: 49398 | D21: 3.7588217 | E21: 3.7588217 | F21: 93.153776 | G21: 4.0391506 | H21: 4570.4335 | I21: 1000000 | J21: =YEARFRAC(Curve!$B$2,C21) -> 10

Sheet CAP5
B2: Start Date | C2: Pay Date | D2: Strike % | E2: ATM Strike % | F2: Vol bp | G2: Forward % | H2: Premium USD | I2: Notional USD | J2: Dates
B3: 45930 | C3: 46112 | D3: 3.8923014 | E3: 3.8923014 | F3: 71.506914 | G3: 3.7090979 | H3: 986.29906 | I3: 1000000 | J3: =YEARFRAC(Curve!$B$2,C3) -> 1
B4: 46112 | C4: 46295 | D4: 3.8923014 | E4: 3.8923014 | F4: 84.576484 | G4: 3.4800104 | H4: 1150.1823 | I4: 1000000 | J4: =YEARFRAC(Curve!$B$2,C4) -> 1.5
B5: 46295 | C5: 46477 | D5: 3.8923014 | E5: 3.8923014 | F5: 111.75525 | G5: 3.4362698 | H5: 2011.2739 | I5: 1000000 | J5: =YEARFRAC(Curve!$B$2,C5) -> 2
B6: 46477 | C6: 46660 | D6: 3.8923014 | E6: 3.8923014 | F6: 121.0266 | G6: 3.4736556 | H6: 2654.6395 | I6: 1000000 | J6: =YEARFRAC(Curve!$B$2,C6) -> 2.5
B7: 46660 | C7: 46843 | D7: 3.8923014 | E7: 3.8923014 | F7: 110.41609 | G7: 3.5241854 | H7: 2701.3093 | I7: 1000000 | J7: =YEARFRAC(Curve!$B$2,C7) -> 3
B8: 46843 | C8: 47025 | D8: 3.8923014 | E8: 3.8923014 | F8: 107.21436 | G8: 3.5755481 | H8: 2899.7463 | I8: 1000000 | J8: =YEARFRAC(Curve!$B$2,C8) -> 3.4972222
B9: 47025 | C9: 47207 | D9: 3.8923014 | E9: 3.8923014 | F9: 111.98452 | G9: 3.6220491 | H9: 3341.2006 | I9: 1000000 | J9: =YEARFRAC(Curve!$B$2,C9) -> 4
B10: 47207 | C10: 47389 | D10: 3.8923014 | E10: 3.8923014 | F10: 111.74535 | G10: 3.6644183 | H10: 3585.5041 | I10: 1000000 | J10: =YEARFRAC(Curve!$B$2,C10) -> 4.4944444
B11: 47389 | C11: 47571 | D11: 3.8923014 | E11: 3.8923014 | F11: 106.03622 | G11: 3.7142657 | H11: 3617.8008 | I11: 1000000 | J11: =YEARFRAC(Curve!$B$2,C11) -> 4.9972222
B12: 47571 | C12: 47756 | D12: 3.8923014 | E12: 3.8923014 | F12: 103.03735 | G12: 3.771577 | H12: 3800.4442 | I12: 1000000 | J12: =YEARFRAC(Curve!$B$2,C12) -> 5.5
B13: 47756 | C13: 47938 | D13: 3.8923014 | E13: 3.8923014 | F13: 103.06432 | G13: 3.8136905 | H13: 3924.8729 | I13: 1000000 | J13: =YEARFRAC(Curve!$B$2,C13) -> 6
B14: 47938 | C14: 48121 | D14: 3.8923014 | E14: 3.8923014 | F14: 103.09085 | G14: 3.8396549 | H14: 4087.5867 | I14: 1000000 | J14: =YEARFRAC(Curve!$B$2,C14) -> 6.5
... B41: 52870 | C41: 53052 | D41: 3.8923014 | E41: 3.8923014 | F41: 86.515086 | G41: 3.8552784 | H41: 3502.2953 | I41: 1000000 | J41: =YEARFRAC(Curve!$B$2,C41) -> 20
